<?xml version="1.0" encoding="ISO-8859-1"?>
<metadata>
	<idinfo>
		<citation>
			<citeinfo>
				<origin>NOAA / National Marine Sanctuaries Program
</origin>
				<pubdate>200806
</pubdate>
				<title Sync="TRUE">cinms_py</title>
				<edition>200806
</edition>
				<geoform Sync="TRUE">vector digital data</geoform>
				<pubinfo>
					<pubplace>Silver Spring, MD
</pubplace>
					<publish>NOAA / National Marine Sanctuary Program
</publish>
				</pubinfo>
				<othercit>none
</othercit>
				<onlink>http://www.sanctuaries.noaa.gov/
</onlink>
				<lworkcit>
					<citeinfo>
						<origin>NOAA / National Marine Sanctuaries Program
</origin>
						<pubdate>2004
</pubdate>
						<title>National Marine Sanctuary Program Digital Boundary Files
</title>
						<pubinfo>
							<pubplace>Silver Spring, Maryland
</pubplace>
							<publish>NOAA / National Marine Sanctuary Program
</publish>
						</pubinfo>
						<onlink>http://www.sanctuaries.noaa.gov/
</onlink>
					</citeinfo>
				</lworkcit>
				<ftname Sync="TRUE">cinms_py</ftname></citeinfo>
		</citation>
		<descript>
			<abstract>The National Marine Sanctuary Program manages a system of sanctuaries and othermanaged areas around the country.  The legal boundaries of these sanctuaries aredefined within the Code of Federal Regulations, at 15 C.F.R. Part 922 and thesubparts for each national marine sanctuary.  The GIS compatible digital boundaryfiles for each national marine sanctuary are representations of those legalboundaries and are based on the best available data.  These files are availablefor public use at locations defined in this metadata record.
</abstract>
			<purpose>These GIS compatible digital files are provided to promote an understanding of theboundaries of each national marine sanctuary.  They are based on the legaldefinition of each sanctuary as defined in the Code of Federal Regulations, at 15C.F.R. Part 922 and the subparts for each national marine sanctuary.  These digitalfiles are not intended and should not be relied upon for use in navigation or legalpurposes.  For legal questions relating to the digital files, please contact theNMSP at the information provided in this metadata record.
</purpose>
			<langdata Sync="TRUE">en</langdata></descript>
		<timeperd>
			<timeinfo>
				<sngdate>
					<caldate>200606
</caldate>
					<time>Unknown
</time>
				</sngdate>
			</timeinfo>
			<current>200806
</current>
		</timeperd>
		<status>
			<progress>Complete
</progress>
			<update>Continually on varying schedule
</update>
		</status>
		<spdom>
			<bounding>
				<westbc Sync="TRUE">-120.642080</westbc>
				<eastbc Sync="TRUE">-118.907120</eastbc>
				<northbc Sync="TRUE">34.207070</northbc>
				<southbc Sync="TRUE">33.362410</southbc>
			</bounding>
			<lboundng><leftbc Sync="TRUE">-120.642080</leftbc><rightbc Sync="TRUE">-118.907120</rightbc><bottombc Sync="TRUE">33.362410</bottombc><topbc Sync="TRUE">34.207070</topbc></lboundng></spdom>
		<keywords>
			<theme>
				<themekt>None
</themekt>
				<themekey>CFR
</themekey>
				<themekey>Code of Federal Regulations
</themekey>
				<themekey>marine protected area
</themekey>
				<themekey>MPA
</themekey>
				<themekey>National Marine Sanctuary
</themekey>
				<themekey>NMS
</themekey>
				<themekey>NMSP
</themekey>
			</theme>
			<place>
				<placekt>None
</placekt>
				<placekey>California
</placekey>
				<placekey>Marine
</placekey>
				<placekey>Channel Islands
</placekey>
				<placekey>National Marine Sanctuary
</placekey>
				<placekey>NMS
</placekey>
				<placekey>Pacific Ocean
</placekey>
			</place>
		</keywords>
		<accconst>To Be Determined
</accconst>
		<useconst>NOT FOR LEGAL USE
</useconst>
		<ptcontac>
			<cntinfo>
				<cntorgp>
					<cntorg>NOAA / National Marine Sanctuary Program
</cntorg>
					<cntper>NMSP Boundary Coordinator
</cntper>
				</cntorgp>
				<cntpos>NMSP Boundary Coordinator
</cntpos>
				<cntaddr>
					<addrtype>mailing and physical address
</addrtype>
					<address>N/ORM-62, SSMC-4
</address>
					<address>1305 East West Highway
</address>
					<city>Silver Spring
</city>
					<state>Maryland
</state>
					<postal>20910
</postal>
					<country>United States
</country>
				</cntaddr>
				<cntvoice>(301) 713-3125
</cntvoice>
				<cntfax>(301) 713-0404
</cntfax>
				<cntemail>sanctuaries@noaa.gov
</cntemail>
				<hours>9:00AM to 4:00PM EST; Monday - Friday
</hours>
			</cntinfo>
		</ptcontac>
		<browse>
			<browsen>http://sanctuaries.noaa.gov/visit/images/ci_map_big.jpg
</browsen>
			<browsed>Channel Islands National Marine Sanctuary Boundary and Surrounds
</browsed>
			<browset>JPEG
</browset>
		</browse>
		<native Sync="TRUE">Microsoft Windows XP Version 5.1 (Build 2600) Service Pack 2; ESRI ArcCatalog 9.2.5.1450</native>
		<natvform Sync="TRUE">Shapefile</natvform></idinfo>
	<dataqual>
		<attracc>
			<attraccr>Attributes were standardized by feature type (point, line, and polygon)across all sanctuary boundaries.  The values recorded for each attributewere quality assured and believed to be accurate.
</attraccr>
		</attracc>
		<logic>The data were topologically cleaned.
</logic>
		<complete>Where possible, the entire boundary for the sanctuary is represented by this digital file.
</complete>
		<posacc>
			<horizpa>
				<horizpar>Positional accuracy will vary depending on source
</horizpar>
			</horizpa>
			<vertacc>
				<vertaccr>Positional accuracy will vary
</vertaccr>
			</vertacc>
		</posacc>
		<lineage>
			<srcinfo>
				<srccite>
					<citeinfo>
						<origin>NOAA Office of Coast Survey
</origin>
						<pubdate>200806
</pubdate>
						<title>U.S. Vector Shoreline Extracted from NOAA Nautical Charts
</title>
						<edition>First
</edition>
						<geoform>vector digital data
</geoform>
						<pubinfo>
							<pubplace>Silver Spring, MD
</pubplace>
							<publish>NOAA's Ocean Service, Office of Coast Survey (OCS)
</publish>
						</pubinfo>
						<onlink>http://nauticalcharts.noaa.gov
</onlink>
					</citeinfo>
				</srccite>
				<srcscale>20000
</srcscale>
				<typesrc>vector digital data
</typesrc>
				<srctime>
					<timeinfo>
						<rngdates>
							<begdate>200110
</begdate>
							<enddate>200806
</enddate>
						</rngdates>
					</timeinfo>
					<srccurr>publication date
</srccurr>
				</srctime>
				<srccitea>NOAA Extracted Vector Shoreline
</srccitea>
				<srccontr>Extracted vector shoreline files were used to delineate the shoreline component, where applicable, of the Sanctuary boundary.
</srccontr>
			</srcinfo>
			<srcinfo>
				<srccite>
					<citeinfo>
						<origin>NOAA Office of Coast Survey (OCS)
</origin>
						<pubdate>20010110
</pubdate>
						<title>Raster Coastal Map Series Showing Hydrography and TopographyFound on NOAA's Charted Nautical Charts for All Near-Shore GeographicAreas of the U.S.
</title>
						<geoform>raster digital data
</geoform>
						<serinfo>
							<sername>Coastal Map Series
</sername>
							<issue>kapp number
</issue>
						</serinfo>
						<pubinfo>
							<pubplace>Silver Spring, MD
</pubplace>
							<publish>NOAA's Ocean Service, Office of Coast Survey (OCS)
</publish>
						</pubinfo>
						<othercit>Scale of source material ranges from 1:20000to 1:80000
</othercit>
						<onlink>http://chartmaker.ncd.noaa.gov/
</onlink>
						<lworkcit>
							<citeinfo>
								<origin>NOAA, NOS, OCS, Marine Charting Division
</origin>
								<pubdate>19950101
</pubdate>
								<title>Nautical Charts
</title>
								<geoform>raster digital data
</geoform>
								<serinfo>
									<sername>NOAA Nautical Charts
</sername>
									<issue>kapp number
</issue>
								</serinfo>
								<pubinfo>
									<pubplace>Silver Spring, MD
</pubplace>
									<publish>NOAA's Ocean Service, Office of Coast Survey
</publish>
								</pubinfo>
							</citeinfo>
						</lworkcit>
					</citeinfo>
				</srccite>
				<typesrc>Raster Images
</typesrc>
				<srctime>
					<timeinfo>
						<rngdates>
							<begdate>19950101
</begdate>
							<enddate>present
</enddate>
						</rngdates>
					</timeinfo>
					<srccurr>publication date
</srccurr>
				</srctime>
				<srccitea>Source Nautical Chart
</srccitea>
				<srccontr>All information in Coastal Maps is derived from the Source NauticalChart.
</srccontr>
			</srcinfo>
			<srcinfo>
				<srccite>
					<citeinfo>
						<origin>US Federal Government
</origin>
						<origin>US Department of Commerce
</origin>
						<origin>National Oceanic and Atmospheric Administration
</origin>
						<pubdate>20030101
</pubdate>
						<title>Code of Federal Regulations, Title 15, Volume 3
</title>
						<pubinfo>
							<pubplace>Washington, DC
</pubplace>
							<publish>US Dept. of Commerce
</publish>
						</pubinfo>
						<othercit>The Code of Federal Regulations (CFR) is the codification of thegeneral and permanentrules published in the Federal Register by the executive departmentsand agenciesof the Federal Government.
</othercit>
						<onlink>http://www.gpoaccess.gov/cfr/
</onlink>
					</citeinfo>
				</srccite>
				<typesrc>paper
</typesrc>
				<srctime>
					<timeinfo>
						<rngdates>
							<begdate>1996
</begdate>
							<enddate>2003
</enddate>
						</rngdates>
					</timeinfo>
					<srccurr>Publication date
</srccurr>
				</srctime>
				<srccitea>15CFR922
</srccitea>
				<srccontr>The depicted shoreline of the sanctuary boundary was derived in part from information contained within the CFR.
</srccontr>
			</srcinfo>
			<procstep>
				<procdesc>The geographic boundary coordinates listed within the United States Code of Federal Regulations (CFR) were converted to decimal degrees and a text file was created. A point coverage was then generatedusing ArcInfo GIS. The coverage was projected into the Geographic Coordinate System and overlaid on large scale nautical charts and analyzed with additional data such as adjacent sanctuaries and shorelines. Specific attention was given to analysis of inconsistencies between textual descriptions and listed coordinates. The polyline files were created using a combination of the coordinate list from the CFR and applicable shoreline vector files. Forpoint files, two methods were used. If the sanctuary had a shoreline component, a polyline to point script was used to create a point for each vertex. If a shoreline component was not present, then the original coordinates from the CFR were used to create a point shapefile.Polygon files were created by converting polylines to polygons.  For more detailed process description, please use contact information below.
</procdesc>
				<procdate>200606
</procdate>
				<proccont>
					<cntinfo>
						<cntorgp>
							<cntorg>NOAA / National Marine Sanctuary Program
</cntorg>
							<cntper>NMSP Boundary Coordinator
</cntper>
						</cntorgp>
						<cntpos>NMSP Boundary Coordinator
</cntpos>
						<cntaddr>
							<addrtype>mailing and physical address
</addrtype>
							<address>N/ORM-2, SSMC-4, #11542
</address>
							<address>1305 East West Highway
</address>
							<city>Silver Spring
</city>
							<state>Maryland
</state>
							<postal>20910
</postal>
							<country>United States
</country>
						</cntaddr>
						<cntvoice>(301) 713-3125
</cntvoice>
						<cntfax>(301) 713-0404
</cntfax>
						<cntemail>sanctuaries@noaa.gov
</cntemail>
						<hours>9:00AM to 4:00PM EST; Monday - Friday
</hours>
					</cntinfo>
				</proccont>
			</procstep>
			<procstep>
				<procdesc>Metadata imported.
</procdesc>
				<srcused>C:\DOCUME~1\DDOSRE~1.PAL\LOCALS~1\Temp\xml2A.tmp
</srcused>
				<procdate>200606
</procdate>
			</procstep>
			<procstep>
				<procdesc>Metadata imported.
</procdesc>
				<srcused>C:\DOCUME~1\NATALI~1.SEN\LOCALS~1\Temp\xml49A.tmp
</srcused>
				<procdate>200606
</procdate>
			</procstep>
			<procstep>
				<procdesc>Dataset copied.
</procdesc>
				<procdate>200606
</procdate>
			</procstep>
			<procstep>
				<procdesc>Dataset copied.
</procdesc>
				<srcused>H:\NMSPIMSbuild\nmspboundaries\CINMS2008\CINMS_Boundary_6_08
</srcused>
				<procdate>200606
</procdate>
			</procstep>
			<procstep><procdesc Sync="TRUE">Metadata imported.</procdesc><srcused Sync="TRUE">H:\NMSPIMSbuild\nmspboundaries\CINMS2008\cinms_py.xml</srcused><date Sync="TRUE">20080618</date><time Sync="TRUE">17361800</time></procstep></lineage>
	</dataqual>
	<spdoinfo>
		<direct Sync="TRUE">Vector</direct>
		<ptvctinf><esriterm Name="cinms_buffer"><efeatyp Sync="TRUE">Simple</efeatyp><efeageom code="4" Sync="TRUE"></efeageom><esritopo Sync="TRUE">FALSE</esritopo><efeacnt Sync="TRUE">0</efeacnt><spindex Sync="TRUE">FALSE</spindex><linrefer Sync="TRUE">FALSE</linrefer></esriterm></ptvctinf></spdoinfo>
	<spref>
		<horizsys>
			<geograph>
				<latres Sync="TRUE">0.000000</latres>
				<longres Sync="TRUE">0.000000</longres>
				<geogunit Sync="TRUE">Decimal degrees</geogunit>
			</geograph>
			<geodetic>
				<horizdn Sync="TRUE">North American Datum of 1983</horizdn>
				<ellips Sync="TRUE">Geodetic Reference System 80</ellips>
				<semiaxis Sync="TRUE">6378137.000000</semiaxis>
				<denflat Sync="TRUE">298.257222</denflat>
			</geodetic>
			<cordsysn><geogcsn Sync="TRUE">GCS_North_American_1983</geogcsn></cordsysn></horizsys>
	</spref>
	<eainfo>
		<detailed Name="cinms_buffer">
			<enttyp>
				<enttypl Sync="TRUE">cinms_buffer</enttypl>
				<enttypd>Polygon depicting the boundaries as referenced in the most recent edition Code of Federal Regulations as of June 2008 for the Channel Islands National Marine Sanctuary.
</enttypd>
				<enttypds>Office of National Marine Sanctuaries, NOAA
</enttypds>
				<enttypt Sync="TRUE">Feature Class</enttypt><enttypc Sync="TRUE">0</enttypc></enttyp>
			<attr>
				<attrlabl>FID
</attrlabl>
				<attrdef>Internal feature number.
</attrdef>
				<attrdefs>ESRI
</attrdefs>
				<attrdomv>
					<udom>Sequential unique whole numbers that are automatically generated.
</udom>
				</attrdomv>
				<attalias Sync="TRUE">FID</attalias><attrtype Sync="TRUE">OID</attrtype><attwidth Sync="TRUE">4</attwidth><atprecis Sync="TRUE">0</atprecis><attscale Sync="TRUE">0</attscale></attr>
			<attr>
				<attrlabl>Shape
</attrlabl>
				<attrdef>Feature geometry.
</attrdef>
				<attrdefs>ESRI
</attrdefs>
				<attrdomv>
					<udom>Coordinates defining the features.
</udom>
				</attrdomv>
				<attalias Sync="TRUE">Shape</attalias><attrtype Sync="TRUE">Geometry</attrtype><attwidth Sync="TRUE">0</attwidth><atprecis Sync="TRUE">0</atprecis><attscale Sync="TRUE">0</attscale></attr>
			<attr><attrlabl Sync="TRUE">Id</attrlabl><attalias Sync="TRUE">Id</attalias><attrtype Sync="TRUE">Integer</attrtype><attwidth Sync="TRUE">6</attwidth><atprecis Sync="TRUE">6</atprecis><attscale Sync="TRUE">0</attscale></attr></detailed>
		<overview>
		</overview>
	</eainfo>
	<distinfo>
		<distrib>
			<cntinfo>
				<cntorgp>
					<cntorg>NOAA / National Marine Sanctuary Program
</cntorg>
					<cntper>NMSP Boundary Coordinator
</cntper>
				</cntorgp>
				<cntpos>NMSP Boundary Coordinator
</cntpos>
				<cntaddr>
					<addrtype>mailing and physical address
</addrtype>
					<address>N/ORM-62, SSMC-4
</address>
					<address>1305 East West Highway
</address>
					<city>Silver Spring
</city>
					<state>Maryland
</state>
					<postal>20910
</postal>
					<country>United States
</country>
				</cntaddr>
				<cntvoice>(301) 713-3125
</cntvoice>
				<cntfax>(301) 713-0404
</cntfax>
				<cntemail>sanctuaries@noaa.gov
</cntemail>
				<hours>9:00AM to 4:00PM EST; Monday - Friday
</hours>
			</cntinfo>
		</distrib>
		<resdesc>Downloadable Data
</resdesc>
		<distliab>Digital boundary files are available for public consumption from the National MarineSanctuary Program in hard copy or digital formats.  See Distributor Contact Informationfor contact details.
</distliab>
		<stdorder>
			<digform>
				<digtinfo>
					<formname>ESRI Arc GIS Shape Files
</formname>
					<formvern>ArcMap 9.2
</formvern>
					<transize>0.121
</transize>
					<dssize Sync="TRUE">0.121</dssize></digtinfo>
			</digform>
			<fees>none
</fees>
			<ordering>On-line download
</ordering>
		</stdorder>
	</distinfo>
	<metainfo>
		<metd Sync="TRUE">20080618</metd>
		<metc>
			<cntinfo>
				<cntorgp>
					<cntorg>NOAA / National Marine Sanctuary Program
</cntorg>
					<cntper>NMSP Boundary Coordinator
</cntper>
				</cntorgp>
				<cntpos>NMSP Boundary Coordinator
</cntpos>
				<cntaddr>
					<addrtype>mailing and physical address
</addrtype>
					<address>N/ORM62, SSMC-4
</address>
					<address>1305 East West Highway
</address>
					<city>Silver Spring
</city>
					<state>Maryland
</state>
					<postal>20910
</postal>
					<country>United States
</country>
				</cntaddr>
				<cntvoice>(301) 713-3125
</cntvoice>
				<cntfax>(301) 713-0404
</cntfax>
				<cntemail>sanctuaries@noaa.gov
</cntemail>
				<hours>9:00AM to 4:00PM EST; Monday - Friday
</hours>
			</cntinfo>
		</metc>
		<metstdn Sync="TRUE">FGDC Content Standards for Digital Geospatial Metadata</metstdn>
		<metstdv Sync="TRUE">FGDC-STD-001-1998</metstdv>
		<mettc Sync="TRUE">local time</mettc>
		<metextns>
			<onlink>http://www.esri.com/metadata/esriprof80.html
</onlink>
			<metprof>ESRI Metadata Profile
</metprof>
		</metextns>
		<langmeta Sync="TRUE">en</langmeta></metainfo>
	<Esri><MetaID>{AE4C4B39-D1DF-479F-A6EB-BED1FC3EDCB8}</MetaID><CreaDate>20080618</CreaDate><CreaTime>17361800</CreaTime><SyncOnce>FALSE</SyncOnce><SyncDate>20170629</SyncDate><SyncTime>15574400</SyncTime><ModDate>20170629</ModDate><ModTime>15574400</ModTime><DataProperties><itemProps><itemName Sync="TRUE">cinms_buffer</itemName><imsContentType Sync="TRUE">002</imsContentType><itemSize Sync="TRUE">0.000</itemSize><itemLocation><linkage Sync="TRUE">file://\\babylon\co2017\sgad\MBON\sanctuaries\channel_islands\cinms_buffer.shp</linkage><protocol Sync="TRUE">Local Area Network</protocol></itemLocation></itemProps><coordRef><type Sync="TRUE">Geographic</type><geogcsn Sync="TRUE">GCS_North_American_1983</geogcsn><csUnits Sync="TRUE">Angular Unit: Degree (0.017453)</csUnits><peXml Sync="TRUE">&lt;GeographicCoordinateSystem xsi:type='typens:GeographicCoordinateSystem' xmlns:xsi='http://www.w3.org/2001/XMLSchema-instance' xmlns:xs='http://www.w3.org/2001/XMLSchema' xmlns:typens='http://www.esri.com/schemas/ArcGIS/10.4'&gt;&lt;WKT&gt;GEOGCS[&amp;quot;GCS_North_American_1983&amp;quot;,DATUM[&amp;quot;D_North_American_1983&amp;quot;,SPHEROID[&amp;quot;GRS_1980&amp;quot;,6378137.0,298.257222101]],PRIMEM[&amp;quot;Greenwich&amp;quot;,0.0],UNIT[&amp;quot;Degree&amp;quot;,0.0174532925199433],AUTHORITY[&amp;quot;EPSG&amp;quot;,4269]]&lt;/WKT&gt;&lt;XOrigin&gt;-400&lt;/XOrigin&gt;&lt;YOrigin&gt;-400&lt;/YOrigin&gt;&lt;XYScale&gt;11258999068426.238&lt;/XYScale&gt;&lt;ZOrigin&gt;-100000&lt;/ZOrigin&gt;&lt;ZScale&gt;10000&lt;/ZScale&gt;&lt;MOrigin&gt;-100000&lt;/MOrigin&gt;&lt;MScale&gt;10000&lt;/MScale&gt;&lt;XYTolerance&gt;8.9831528411952133e-009&lt;/XYTolerance&gt;&lt;ZTolerance&gt;0.001&lt;/ZTolerance&gt;&lt;MTolerance&gt;0.001&lt;/MTolerance&gt;&lt;HighPrecision&gt;true&lt;/HighPrecision&gt;&lt;LeftLongitude&gt;-180&lt;/LeftLongitude&gt;&lt;WKID&gt;4269&lt;/WKID&gt;&lt;LatestWKID&gt;4269&lt;/LatestWKID&gt;&lt;/GeographicCoordinateSystem&gt;</peXml></coordRef><lineage><Process Name="Buffer (2)" ToolSource="c:\program files (x86)\arcgis\desktop10.4\ArcToolbox\Toolboxes\Analysis Tools.tbx\Buffer" Date="20170629" Time="160028">Buffer H:\MBON\sanctuaries\channel_islands\cinms_py.shp H:\MBON\sanctuaries\channel_islands\cinms_buffer.shp "250 Kilometers" FULL ROUND ALL # PLANAR</Process></lineage></DataProperties></Esri><dataIdInfo><envirDesc Sync="TRUE">Microsoft Windows 7 Version 6.1 (Build 7601) Service Pack 1; Esri ArcGIS 10.4.1.5686</envirDesc><dataLang><languageCode Sync="TRUE" value="eng"></languageCode><countryCode value="USA" Sync="TRUE"></countryCode></dataLang><idCitation><resTitle Sync="TRUE">cinms_buffer</resTitle><presForm><PresFormCd Sync="TRUE" value="005"></PresFormCd></presForm></idCitation><spatRpType><SpatRepTypCd Sync="TRUE" value="001"></SpatRepTypCd></spatRpType><dataExt><geoEle><GeoBndBox esriExtentType="native"><westBL Sync="TRUE">-120.64208</westBL><eastBL Sync="TRUE">-118.90712</eastBL><northBL Sync="TRUE">34.20707</northBL><southBL Sync="TRUE">33.36241</southBL><exTypeCode Sync="TRUE">1</exTypeCode></GeoBndBox></geoEle></dataExt><geoBox esriExtentType="decdegrees"><westBL Sync="TRUE">-120.64208</westBL><eastBL Sync="TRUE">-118.90712</eastBL><northBL Sync="TRUE">34.20707</northBL><southBL Sync="TRUE">33.36241</southBL><exTypeCode Sync="TRUE">1</exTypeCode></geoBox></dataIdInfo><mdLang><languageCode Sync="TRUE" value="eng"></languageCode><countryCode value="USA" Sync="TRUE"></countryCode></mdLang><mdStanName Sync="TRUE">ISO 19115 Geographic Information - Metadata</mdStanName><mdStanVer Sync="TRUE">DIS_ESRI1.0</mdStanVer><mdChar><CharSetCd Sync="TRUE" value="006"></CharSetCd></mdChar><mdHrLv><ScopeCd Sync="TRUE" value="005"></ScopeCd></mdHrLv><mdHrLvName Sync="TRUE">dataset</mdHrLvName><distInfo><distributor><distorTran><onLineSrc><orDesc Sync="TRUE">002</orDesc><linkage Sync="TRUE">file://\\AAMB-S-clust01\NMS-Users\CHRISTINE.TAYLOR\NMSPIMSbuild\nmspboundaries\CINMS2008\cinms_py.shp</linkage><protocol Sync="TRUE">Local Area Network</protocol></onLineSrc><transSize Sync="TRUE">0.121</transSize></distorTran><distorFormat><formatName Sync="TRUE">Shapefile</formatName></distorFormat></distributor><distFormat><formatName Sync="TRUE">Shapefile</formatName></distFormat><distTranOps><transSize Sync="TRUE">0.000</transSize></distTranOps></distInfo><refSysInfo><RefSystem><refSysID><identCode Sync="TRUE" code="4269">GCS_North_American_1983</identCode><idCodeSpace Sync="TRUE">EPSG</idCodeSpace><idVersion Sync="TRUE">6.12(3.0.1)</idVersion></refSysID></RefSystem></refSysInfo><spatRepInfo><VectSpatRep><geometObjs Name="cinms_buffer"><geoObjTyp><GeoObjTypCd value="002" Sync="TRUE"></GeoObjTypCd></geoObjTyp><geoObjCnt Sync="TRUE">0</geoObjCnt></geometObjs><topLvl><TopoLevCd value="001" Sync="TRUE"></TopoLevCd></topLvl></VectSpatRep></spatRepInfo><mdDateSt Sync="TRUE">20170629</mdDateSt></metadata>
