<?xml version="1.0" encoding="ISO-8859-1"?><!DOCTYPE metadata SYSTEM "http://www.fgdc.gov/metadata/fgdc-std-001-1998.dtd"><metadata>
<idinfo>
<citation>
<citeinfo>
<origin>NOAA / National Marine Sanctuaries Program</origin>
<pubdate>200412</pubdate>
<title>Florida Keys National Marine Sanctuary Boundary (polygon)</title>
<edition>200412</edition>
<geoform>vector digital data</geoform>
<pubinfo>
<pubplace>Silver Spring, MD</pubplace>
<publish>NOAA / National Marine Sanctuary Program</publish>
</pubinfo>
<othercit>none</othercit>
<onlink>http://www.sanctuaries.noaa.gov/</onlink>
<lworkcit>
<citeinfo>
<origin>NOAA / National Marine Sanctuaries Program</origin>
<pubdate>2004</pubdate>
<title>National Marine Sanctuary Program Digital Boundary Files</title>
<pubinfo>
<pubplace>Silver Spring, Maryland</pubplace>
<publish>NOAA / National Marine Sanctuary Program</publish>
</pubinfo>
<onlink>http://www.sanctuaries.noaa.gov/</onlink>
</citeinfo>
</lworkcit>
</citeinfo>
</citation>
<descript>
<abstract>The National Marine Sanctuary Program manages a system of sanctuaries and other
managed areas around the country.  The legal boundaries of Thesee sanctuaries are
defined within the Code of Federal Regulations, at 15 C.F.R. Part 922 and the
subparts for each national marine sanctuary.  The GIS compatible digital boundary
files for each national marine sanctuary are representations of those legal
boundaries and are based on the best available data.  Thesee files are available
for public use at locations defined in this metadata record.</abstract>
<purpose>Thesee GIS compatible digital files are provided to promote an understanding of the
boundaries of each national marine sanctuary.  They are based on the legal
definition of each sanctuary as defined in the Code of Federal Regulations, at 15
C.F.R. Part 922 and the subparts for each national marine sanctuary.  Thesee digital
files are not intended and should not be relied upon for use in navigation or legal
purposes.  For legal questions relating to the digital files, please contact the
NMSP at the information provided in this metadata record.</purpose>
</descript>
<timeperd>
<timeinfo>
<sngdate>
<caldate>200412</caldate>
</sngdate>
</timeinfo>
<current>200412</current>
</timeperd>
<status>
<progress>Complete</progress>
<update>Continually on varying schedule</update>
</status>
<spdom>
<bounding>
<westbc>
-83.150000</westbc>
<eastbc>
-80.066667</eastbc>
<northbc>
25.650000</northbc>
<southbc>
24.300000</southbc>
</bounding>
</spdom>
<keywords>
<theme>
<themekt>None</themekt>
<themekey>Code of Federal Regulations</themekey>
<themekey>marine protected area</themekey>
<themekey>MPA</themekey>
<themekey>National Marine Sanctuary</themekey>
<themekey>NMS</themekey>
<themekey>NMSP</themekey>
<themekey>CFR</themekey>
</theme>
<theme>
<themekt>ISO 19115 Topic Category</themekt>
<themekey>Boundaries</themekey>
</theme>
<place>
<placekt>None</placekt>
<placekey>Florida</placekey>
<placekey>Marine</placekey>
<placekey>Florida Keys</placekey>
<placekey>National Marine Sanctuary</placekey>
<placekey>NMS</placekey>
<placekey>Atlantic Ocean</placekey>
</place>
</keywords>
<accconst>To Be Determined</accconst>
<useconst>NOT FOR LEGAL USE</useconst>
<ptcontac>
<cntinfo>
<cntorgp>
<cntorg>NOAA / National Marine Sanctuary Program</cntorg>
<cntper>NMSP Boundary Coordinator</cntper>
</cntorgp>
<cntpos>NMSP Boundary Coordinator</cntpos>
<cntaddr>
<addrtype>mailing and physical address</addrtype>
<address>N/ORM-62, SSMC-4</address>
<address>1305 East West Highway</address>
<city>Silver Spring</city>
<state>Maryland</state>
<postal>20910</postal>
<country>United States</country>
</cntaddr>
<cntvoice>(301) 713-3125</cntvoice>
<cntfax>(301) 713-0404</cntfax>
<cntemail>sanctuaries@noaa.gov</cntemail>
<hours>9:00AM to 4:00PM EST; Monday - Friday</hours>
</cntinfo>
</ptcontac>
<native>Microsoft Windows XP Version 5.1 (Build 2600) Service Pack 2; ESRI ArcCatalog 9.1.0.722</native>
</idinfo>
<dataqual>
<attracc>
<attraccr>Attributes were standardized by feature type (point, line, and polygon)
across all sanctuary boundaries.  The values recorded for each attribute
were quality assured and believed to be accurate.</attraccr>
</attracc>
<logic>The data were topologically cleaned.</logic>
<complete>Where possible, the entire boundary for the sanctuary is represented by this digital file.</complete>
<posacc>
<horizpa>
<horizpar>Positional accuracy will vary depending on source</horizpar>
</horizpa>
<vertacc>
<vertaccr>Positional accuracy will vary</vertaccr>
</vertacc>
</posacc>
<lineage>
<srcinfo>
<srccite>
<citeinfo>
<origin>NOAA Office of Coast Survey</origin>
<pubdate>20011001</pubdate>
<title>U.S. Vector Shoreline Extracted from NOAA Nautical Charts</title>
<edition>First</edition>
<geoform>vector digital data</geoform>
<pubinfo>
<pubplace>Silver Spring, MD</pubplace>
<publish>NOAA's Ocean Service, Office of Coast Survey (OCS)</publish>
</pubinfo>
<othercit></othercit>
<onlink>http://nauticalcharts.noaa.gov</onlink>
</citeinfo>
</srccite>
<srcscale>20000</srcscale>
<typesrc>vector digital data</typesrc>
<srctime>
<timeinfo>
<rngdates>
<begdate>200110</begdate>
<enddate>200310</enddate>
</rngdates>
</timeinfo>
<srccurr>publication date</srccurr>
</srctime>
<srccontr>Extracted vector shoreline files were used to
delineate the shoreline component, where applicable, of the Sanctuary
boundary.</srccontr>
</srcinfo>
<srcinfo>
<srccite>
<citeinfo>
<origin>NOAA Office of Coast Survey (OCS)</origin>
<pubdate>20010110</pubdate>
<title>Raster Coastal Map Series Showing Hydrography and Topography
Found on NOAA's Charted Nautical Charts for All Near-Shore Geographic
Areas of the U.S.</title>
<geoform>raster digital data</geoform>
<serinfo>
<sername>Coastal Map Series</sername>
<issue>kapp number</issue>
</serinfo>
<pubinfo>
<pubplace>Silver Spring, MD</pubplace>
<publish>NOAA's Ocean Service, Office of Coast Survey (OCS)</publish>
</pubinfo>
<othercit>Scale of source material ranges from 1:20000
to 1:80000</othercit>
<onlink>http://chartmaker.ncd.noaa.gov/</onlink>
<lworkcit>
<citeinfo>
<origin>NOAA, NOS, OCS, Marine Charting Division</origin>
<pubdate>19950101</pubdate>
<title>Nautical Charts</title>
<geoform>raster digital data</geoform>
<serinfo>
<sername>NOAA Nautical Charts</sername>
<issue>kapp number</issue>
</serinfo>
<pubinfo>
<pubplace>Silver Spring, MD</pubplace>
<publish>NOAA's Ocean Service, Office of Coast Survey</publish>
</pubinfo>
</citeinfo>
</lworkcit>
</citeinfo>
</srccite>
<typesrc>Raster Images</typesrc>
<srctime>
<timeinfo>
<rngdates>
<begdate>19950101</begdate>
<enddate>present</enddate>
</rngdates>
</timeinfo>
<srccurr>publication date</srccurr>
</srctime>
<srccitea>Source Nautical Chart</srccitea>
<srccontr>All information in Coastal Maps is derived from the Source Nautical
Chart.</srccontr>
</srcinfo>
<srcinfo>
<srccite>
<citeinfo>
<origin>US Federal Government</origin>
<origin>US Department of Commerce</origin>
<origin>National Oceanic and Atmospheric Administration</origin>
<pubdate>20030101</pubdate>
<title>Code of Federal Regulations, Title 15, Volume 3</title>
<pubinfo>
<pubplace>Washington, DC</pubplace>
<publish>US Dept. of Commerce</publish>
</pubinfo>
<othercit>The Code of Federal Regulations (CFR) is the codification of the
general and permanent
rules published in the Federal Register by the executive departments
and agencies
of the Federal Government.</othercit>
<onlink>http://www.gpoaccess.gov/cfr/</onlink>
</citeinfo>
</srccite>
<typesrc>online</typesrc>
<srctime>
<timeinfo>
<rngdates>
<begdate>1996</begdate>
<enddate>2003</enddate>
</rngdates>
</timeinfo>
<srccurr>Publication date</srccurr>
</srctime>
<srccitea>15CFR922</srccitea>
<srccontr>The depicted shoreline of the sanctuary boundary was
derived in part from information contained within the CFR.</srccontr>
</srcinfo>
<procstep>
<procdesc>The geographic boundary coordinates listed within the United States
Code of Federal Regulations (CFR) were converted to decimal degrees
and a text file was created. A point coverage was then generated
using ArcInfo GIS. The coverage was projected into the Geographic
Coordinate System and overlaid on large scale nautical charts and
analyzed with additional data such as adjacent sanctuaries and
shorelines. Specific attention was given to analysis of
inconsistencies between textual descriptions and listed
coordinates. The polyline files were created using a combination of the
coordinate list from the CFR and applicable shoreline vector files. For
point files, two methods were used. If the sanctuary had a shoreline
component, a polyline to point script was used to create a point for
each vertice. If a shoreline component was not present, then the
original coordinates from the CFR were used to create a point shapefile.
Polygon files were created by converting polylines to polygons.  For
more detailed process description, please use contact information below.</procdesc>
<procdate>200412</procdate>
<proccont>
<cntinfo>
<cntorgp>
<cntorg>NOAA / National Marine Sanctuary Program</cntorg>
<cntper>NMSP Boundary Coordinator</cntper>
</cntorgp>
<cntpos>NMSP Boundary Coordinator</cntpos>
<cntaddr>
<addrtype>mailing and physical address</addrtype>
<address>N/ORM-2, SSMC-4, #11542</address>
<address>1305 East West Highway</address>
<city>Silver Spring</city>
<state>Maryland</state>
<postal>20910</postal>
<country>United States</country>
</cntaddr>
<cntvoice>(301) 713-3125</cntvoice>
<cntfax>(301) 713-0404</cntfax>
<cntemail>sanctuaries@noaa.gov</cntemail>
<hours>9:00AM to 4:00PM EST; Monday - Friday</hours>
</cntinfo>
</proccont>
</procstep>
</lineage>
</dataqual>
<spdoinfo>
<direct>Vector</direct>
<ptvctinf>
<sdtsterm>
<sdtstype>G-polygon</sdtstype>
<ptvctcnt>1</ptvctcnt>
</sdtsterm>
</ptvctinf>
</spdoinfo>
<spref>
<horizsys>
<geograph>
<latres>0.000001</latres>
<longres>0.000001</longres>
<geogunit>Decimal degrees</geogunit>
</geograph>
<geodetic>
<horizdn>North American Datum of 1983</horizdn>
<ellips>Geodetic Reference System 80</ellips>
<semiaxis>6378137.000000</semiaxis>
<denflat>298.257222</denflat>
</geodetic>
</horizsys>
</spref>
<eainfo>
<detailed>
<enttyp>
<enttypl>
cbnms_py</enttypl>
</enttyp>
<attr>
<attrlabl>FID</attrlabl>
<attrdef>Internal feature number.</attrdef>
<attrdefs>ESRI</attrdefs>
<attrdomv>
<udom>Sequential unique whole numbers that are automatically generated.</udom>
</attrdomv>
</attr>
<attr>
<attrlabl>Shape</attrlabl>
<attrdef>Feature geometry.</attrdef>
<attrdefs>ESRI</attrdefs>
<attrdomv>
<udom>Coordinates defining the features.</udom>
</attrdomv>
</attr>
<attr>
<attrlabl>SANCTUARY</attrlabl>
<attrdef>Acronym for National Marine Sanctuary</attrdef>
<attrdefs>National Marine Sanctuary Program</attrdefs>
</attr>
<attr>
<attrlabl>DATUM</attrlabl>
<attrdef>The geometric model from which the geographic coordinate system is defined.  For the Sanctuary boundaries, the datum used is NAD83, or in the case of Fagatele Bay, WGS84</attrdef>
</attr>
<attr>
<attrlabl>POLY_ID</attrlabl>
<attrdef>Polygon identification - the unique identifier for each polygon</attrdef>
<attrdefs>Coastal Services Center</attrdefs>
</attr>
<attr>
<attrlabl>ACRES</attrlabl>
<attrdef>Area calculated in acres</attrdef>
</attr>
<attr>
<attrlabl>AREA_SM</attrlabl>
<attrdef>area calculated in statute miles</attrdef>
</attr>
<attr>
<attrlabl>AREA_NAME</attrlabl>
<attrdef>name of specific areas within a sanctuary, or in cases where there are no area names, the name of the sanctuary</attrdef>
</attr>
<attr>
<attrlabl>AREA_KM</attrlabl>
<attrdef>area calculated in square kilometers</attrdef>
</attr>
<attr>
<attrlabl>AREA_NM</attrlabl>
<attrdef>area calculated in square nautical miles</attrdef>
</attr>
</detailed>
</eainfo>
<distinfo>
<distrib>
<cntinfo>
<cntorgp>
<cntorg>NOAA / National Marine Sanctuary Program</cntorg>
<cntper>NMSP Boundary Coordinator</cntper>
</cntorgp>
<cntpos>NMSP Boundary Coordinator</cntpos>
<cntaddr>
<addrtype>mailing and physical address</addrtype>
<address>N/ORM-62, SSMC-4</address>
<address>1305 East West Highway</address>
<city>Silver Spring</city>
<state>Maryland</state>
<postal>20910</postal>
<country>United States</country>
</cntaddr>
<cntvoice>(301) 713-3125</cntvoice>
<cntfax>(301) 713-0404</cntfax>
<cntemail>sanctuaries@noaa.gov</cntemail>
<hours>9:00AM to 4:00PM EST; Monday - Friday</hours>
</cntinfo>
</distrib>
<resdesc>Downloadable Data</resdesc>
<distliab>Users must assume responisibility to determine the appropriate use of Thesee data.  These boundaries are not to be used as LEGAL definitions.  The boundaries are created with the most recent and accurate  boundary information available, but the edges and/or borders of the boundaries may change due to the natural land changes, site boundary modification or higher resolution maps.  Therefore, the currency or accuracy of Thesee boundaries cannot be guaranteed.</distliab>
<custom>Florida Keys National Marine Sanctuary Digital Boundary File (fknms_py.shp)

Digital boundry files are available for public consumption from the National Marine Sanctuary Program through their internet site.  Because URL addresses and pages change, the actual data URL is not listed here, but will be searchable within the site (http://sanctuaries.noaa.gov)  Requests may also be made through the NMSP Boundary Coordinator.  See Distributor Contact Information for contact details.</custom>
</distinfo>
<metainfo>
<metd>20060317</metd>
<metc>
<cntinfo>
<cntorgp>
<cntorg>NOAA / National Marine Sanctuary Program</cntorg>
<cntper>NMSP Boundary Coordinator</cntper>
</cntorgp>
<cntpos>NMSP Boundary Coordinator</cntpos>
<cntaddr>
<addrtype>mailing and physical address</addrtype>
<address>N/ORM62, SSMC-4</address>
<address>1305 East West Highway</address>
<city>Silver Spring</city>
<state>Maryland</state>
<postal>20910</postal>
<country>United States</country>
</cntaddr>
<cntvoice>(301) 713-3125</cntvoice>
<cntfax>(301) 713-0404</cntfax>
<cntemail>sanctuaries@noaa.gov</cntemail>
<hours>9:00AM to 4:00PM EST; Monday - Friday</hours>
</cntinfo>
</metc>
<metstdn>FGDC Content Standards for Digital Geospatial Metadata</metstdn>
<metstdv>FGDC-STD-001-1998</metstdv>
<mettc>local time</mettc>
<metextns>
<onlink>http://www.esri.com/metadata/esriprof80.html</onlink>
<metprof>ESRI Metadata Profile</metprof>
</metextns>
</metainfo>
</metadata>
